﻿<?xml version="1.0" encoding="utf-8"?>
<deployment>
  <id>89a521bbc1b9fe14895d412a0218f74c997f5ba21756351031500</id>
  <author>pro-tennisplayer</author>
  <deployer>GitHub</deployer>
  <authorEmail />
  <message>{"type":"Deployment","sha":"89a521bbc1b9fe14895d412a0218f74c997f5ba2","repoName":"pro-tennisplayer/wordaddin-container","actor":"pro-tennisplayer","slotName":"production"}</message>
  <progress />
  <status>Success</status>
  <statusText />
  <lastSuccessEndTime>2025-08-28T03:17:46.8057361Z</lastSuccessEndTime>
  <receivedTime>2025-08-28T03:17:46.8057361Z</receivedTime>
  <startTime>2025-08-28T03:17:46.8057361Z</startTime>
  <endTime>2025-08-28T03:17:46.8057361Z</endTime>
  <complete>True</complete>
  <is_temp>False</is_temp>
  <is_readonly>True</is_readonly>
  <buildSummary />
</deployment>