﻿<?xml version="1.0" encoding="utf-8"?>
<deployment>
  <id>2986d8323256fd6c2e05427e4d3467208d0c6cef1756345933308</id>
  <author>pro-tennisplayer</author>
  <deployer>GitHub</deployer>
  <authorEmail />
  <message>{"type":"Deployment","sha":"2986d8323256fd6c2e05427e4d3467208d0c6cef","repoName":"pro-tennisplayer/wordaddin-container","actor":"pro-tennisplayer","slotName":"production"}</message>
  <progress />
  <status>Success</status>
  <statusText />
  <lastSuccessEndTime>2025-08-28T01:52:15.1210536Z</lastSuccessEndTime>
  <receivedTime>2025-08-28T01:52:15.1210536Z</receivedTime>
  <startTime>2025-08-28T01:52:15.1210536Z</startTime>
  <endTime>2025-08-28T01:52:15.1210536Z</endTime>
  <complete>True</complete>
  <is_temp>False</is_temp>
  <is_readonly>True</is_readonly>
  <buildSummary />
</deployment>