﻿<?xml version="1.0" encoding="utf-8"?>
<deployment>
  <id>d7493439ef50cd39d460638174f973c3f89eec1d1756347444861</id>
  <author>pro-tennisplayer</author>
  <deployer>GitHub</deployer>
  <authorEmail />
  <message>{"type":"Deployment","sha":"d7493439ef50cd39d460638174f973c3f89eec1d","repoName":"pro-tennisplayer/wordaddin-container","actor":"pro-tennisplayer","slotName":"production"}</message>
  <progress />
  <status>Success</status>
  <statusText />
  <lastSuccessEndTime>2025-08-28T02:17:54.381417Z</lastSuccessEndTime>
  <receivedTime>2025-08-28T02:17:54.381417Z</receivedTime>
  <startTime>2025-08-28T02:17:54.381417Z</startTime>
  <endTime>2025-08-28T02:17:54.381417Z</endTime>
  <complete>True</complete>
  <is_temp>False</is_temp>
  <is_readonly>True</is_readonly>
  <buildSummary />
</deployment>