﻿<?xml version="1.0" encoding="utf-8"?>
<deployment>
  <id>00133dfe5bbfe32558a0f1b0c109bd70e6e69def1756341061709</id>
  <author>pro-tennisplayer</author>
  <deployer>GitHub</deployer>
  <authorEmail />
  <message>{"type":"Deployment","sha":"00133dfe5bbfe32558a0f1b0c109bd70e6e69def","repoName":"pro-tennisplayer/wordaddin-container","actor":"pro-tennisplayer","slotName":"production"}</message>
  <progress />
  <status>Success</status>
  <statusText />
  <lastSuccessEndTime>2025-08-28T00:32:17.6819417Z</lastSuccessEndTime>
  <receivedTime>2025-08-28T00:32:17.6819417Z</receivedTime>
  <startTime>2025-08-28T00:32:17.6819417Z</startTime>
  <endTime>2025-08-28T00:32:17.6819417Z</endTime>
  <complete>True</complete>
  <is_temp>False</is_temp>
  <is_readonly>True</is_readonly>
  <buildSummary />
</deployment>