﻿<?xml version="1.0" encoding="utf-8"?>
<deployment>
  <id>25fc91a9e5602c2bf84dfbacb6ae598f4dfcad281756343269844</id>
  <author>pro-tennisplayer</author>
  <deployer>GitHub</deployer>
  <authorEmail />
  <message>{"type":"Deployment","sha":"25fc91a9e5602c2bf84dfbacb6ae598f4dfcad28","repoName":"pro-tennisplayer/wordaddin-container","actor":"pro-tennisplayer","slotName":"production"}</message>
  <progress />
  <status>Success</status>
  <statusText />
  <lastSuccessEndTime>2025-08-28T01:07:50.7900257Z</lastSuccessEndTime>
  <receivedTime>2025-08-28T01:07:50.7900257Z</receivedTime>
  <startTime>2025-08-28T01:07:50.7900257Z</startTime>
  <endTime>2025-08-28T01:07:50.7900257Z</endTime>
  <complete>True</complete>
  <is_temp>False</is_temp>
  <is_readonly>True</is_readonly>
  <buildSummary />
</deployment>