﻿<?xml version="1.0" encoding="utf-8"?>
<deployment>
  <id>bf0dca8ae7be1c0dd66e8366629f413f254e38231756350689075</id>
  <author>pro-tennisplayer</author>
  <deployer>GitHub</deployer>
  <authorEmail />
  <message>{"type":"Deployment","sha":"bf0dca8ae7be1c0dd66e8366629f413f254e3823","repoName":"pro-tennisplayer/wordaddin-container","actor":"pro-tennisplayer","slotName":"production"}</message>
  <progress />
  <status>Success</status>
  <statusText />
  <lastSuccessEndTime>2025-08-28T03:11:30.2851129Z</lastSuccessEndTime>
  <receivedTime>2025-08-28T03:11:30.2851129Z</receivedTime>
  <startTime>2025-08-28T03:11:30.2851129Z</startTime>
  <endTime>2025-08-28T03:11:30.2851129Z</endTime>
  <complete>True</complete>
  <is_temp>False</is_temp>
  <is_readonly>True</is_readonly>
  <buildSummary />
</deployment>