﻿<?xml version="1.0" encoding="utf-8"?>
<deployment>
  <id>857a2ef89a83bebfc307327efe7c222fe764a2a31756351016784</id>
  <author>pro-tennisplayer</author>
  <deployer>GitHub</deployer>
  <authorEmail />
  <message>{"type":"Deployment","sha":"857a2ef89a83bebfc307327efe7c222fe764a2a3","repoName":"pro-tennisplayer/wordaddin-container","actor":"pro-tennisplayer","slotName":"production"}</message>
  <progress />
  <status>Success</status>
  <statusText />
  <lastSuccessEndTime>2025-08-28T03:17:46.7967057Z</lastSuccessEndTime>
  <receivedTime>2025-08-28T03:17:46.7967057Z</receivedTime>
  <startTime>2025-08-28T03:17:46.7967057Z</startTime>
  <endTime>2025-08-28T03:17:46.7967057Z</endTime>
  <complete>True</complete>
  <is_temp>False</is_temp>
  <is_readonly>True</is_readonly>
  <buildSummary />
</deployment>