﻿<?xml version="1.0" encoding="utf-8"?>
<deployment>
  <id>b957925ecef6bf0d3cf8b4e5669ae8b361774d991756344135743</id>
  <author>pro-tennisplayer</author>
  <deployer>GitHub</deployer>
  <authorEmail />
  <message>{"type":"Deployment","sha":"b957925ecef6bf0d3cf8b4e5669ae8b361774d99","repoName":"pro-tennisplayer/wordaddin-container","actor":"pro-tennisplayer","slotName":"production"}</message>
  <progress />
  <status>Success</status>
  <statusText />
  <lastSuccessEndTime>2025-08-28T01:22:17.0482945Z</lastSuccessEndTime>
  <receivedTime>2025-08-28T01:22:17.0482945Z</receivedTime>
  <startTime>2025-08-28T01:22:17.0482945Z</startTime>
  <endTime>2025-08-28T01:22:17.0482945Z</endTime>
  <complete>True</complete>
  <is_temp>False</is_temp>
  <is_readonly>True</is_readonly>
  <buildSummary />
</deployment>